AARVIA AB ABACUS ABAS ABB ABBOTT ABC ABEL ABERDEEN ABERGELDIE ABL ABRIL ABS ABSOLUT ACADEMY ACADIA ACC ACCELERATE ACCESS ACCORD ACE ACEP ACER ACES ACHIEVE ACHILLES ACME ACORN ACOSTA ACOUSTIC ACQUISITION ACREF ACROBAT ACROPOLIS ACTION ACTIVE ACULEUM AD8 ADAM ADAMS ADHITIA ADMIRAL ADMIRALS ADONIS ADRENALINE ADVANCED ADVANTAGE AECUS AEGIS AERIUS AERO AETHER AFASA AFCS AFFIDEA AFFIRM AFRICA AFRODITA AFS AFSC AFTON AGATA AGATE AGAVE AGDA AGILITY AGNITIO AGORA AGROPLASTICS AGUA AGUILA AHD AILERON AIR AIRBORNE AIRBUS AIRE AIREDALE AIRFOIL AIRWOLF AJAX AJOWAN AKAN AKERS AKITA ALADDIN ALAMBIQUE ALASKA ALASKA16 ALAUN ALBANY ALBARRACIN ALBATROS ALBERTA ALBION ALCALA ALDGATE ALEA ALERT ALEX ALEXANDER ALEXANDRA ALEXANDRIA ALFA ALFOX ALGONQUIN ALHAMBRA ALI ALIANCA ALIBRA ALICANTE ALICE ALINE ALINGHI ALINGUI ALIX ALLALIN ALLEGHENY ALLIANCE ALLOY ALLPARK ALLT ALLURE ALOHA ALPEN ALPHA ALPHABET ALPHABETH ALPHACREDIT ALPHEUS ALPINE ALPS ALPTRANS ALQUIMASON ALS ALSTER ALTA ALTAMAR ALTAN ALTENESSENER ALTIA ALTILANS ALTITUDE ALTONA ALTUM ALTURA AMADEUS AMALFI AMANDINE AMAZON AMAZONAS AMB AMBASSADOR AMBER AMBIENCE AMBIENT AMBOISE AMEGY AMELIE AMERICA AMERICAN AMERICANA AMERICAS AMETHYST AMETRAS AMIGO AMINO AMOB AMOREIRAS AMP AMPHITRITE AMPHORA AMPLE AMPLITUDE AMSTERDAM AMURA ANA ANAK ANALOUGE ANALYZE ANANKE ANCHOR ANDALUSIA ANDARA ANDES ANDIAMO ANDORRA ANDREW ANDROMEDA ANGEL ANGELS ANGLER ANGUS ANIMAL ANIS ANNIE ANNUAL ANQUETIL ANTARES ANTELOPE ANTIFREEZE ANTIPHOLUS ANTON ANTS ANUBIS ANVIL APACHE APAN APERTURE2 APEX APHRODITE APOLLO APOLLONIA APOLO APONI APOTHEKE APPAREL APPIA APPLE APRIL AQUA AQUAHYDRATE AQUARIUS AQUASIA AQUILES AR ARADE ARAN ARANA ARBOR ARBORVITAE ARC ARCH ARCHER ARCHIMEDES ARCLIN ARD ARDENNE ARENA ARENAS ARENETUM ARES ARGENTUM ARGESSA ARGO ARGOLIKOS ARGOS ARIA ARIANE ARIEL ARISTÉE ARIZONA ARK ARKENSTONE ARKONA ARMA ARMADA ARMADILLO ARMOR ARMSTRONG ARMY ARNOLD ARRAY ARROW ARROWHEAD ARSENAAL ARSENAL ARTANE ARTE ARTEMIS ARTEMISA ARTHUR ARTIS ARYA ASAM ASCENT ASCOT ASHANTI ASLAN ASPEN ASPERA ASPIRE ASSADO ASSIGN ASSURANCE AST ASTER ASTERIA ASTERION ASTERIX ASTEROID ASTON ASTOR ASTRA ASTRO ATACAMA ATALANTE ATALAYA ATHENA ATHERTON ATI ATICA ATLANTA ATLANTIC ATLANTIS ATLAS ATM ATOLL ATOM ATOMIUM ATT ATTERX ATTIS AUDI AUDIT AUGSBURG AUGUSTA AUGUSTUS AURA AURORA AURORE AURUM AUSTERLITZ AUSTERVIRTUAL AUSTIN AUSTRALIAN AUTHOR AUTO AUTOBAHN AUTOO AUTUMN AVALANCHE AVANZA AVATAR AVATHAR AVE AVENA AVENGER AVENGERS AVENIR AVENUE AVES AVIATION AVIATOR AVIGNON AVION AVIS AWARE AXE AXEL AYA AYR AZALEA AZEVEDO AZTEC AZUL AZURE B B+B BABE BABYLON BACARDI BACCHUS BACH BACKSTAGE BAD BADAJOZ BADEN BADGER BAG2 BAGPIPER BAHRAIN BAIRD BAJA BAKELITE BAKER BALBOA BALDUR BALE BALENZ BALI BALKO BALL BALMORAL BALOON BALTIMORE BAMBOO BAMBOU BANCO BANDIT BANDY BANJO BANK BANKSIA BANYAN BANZAI BARAKONI BARBADOS BARBARESCO BARCELONA BARDOT BAROLO BARRACUDA BARRIER BARTON BAS BASALT BASE BASEBALL BASEL BASIL BASQUIAT BASS BATALI BATCHFIRE BATH BATMAN BATSON BAVARIA BAXTER BAYWATCH BAZAAR BC BDC BE BEACH BEACON BEAGLE BEAM BEAN BEANSTALK BEAR BEARA BEARCAT BEARS BEATLES BEATRICE BEATRIZ BEAUTIFUL BEAUTY BEAVER BECKER BEDROCK BEE BEECH BEEFEATER BEEP BEETHOVEN BEETLE BELGIAN BELINDA BELL BELLA BELROSE BELTING BELUGA BELVEDERE BEN BENCHMARK BENELLI BENGAL BENGALA BENJAMIN BENNINGTON BENSON BENTLEY BENZ BERETTA BERKSHIRE BERKUT BERLIN BERNSTEIN BERRY BERTLING BERWICK BESSIE BET BETA BETA15 BETO BEVERLY BEYOND BFKN BHINNEKA BIANCA BIENVILLE BIG BIGSTAR BILL BILLBOARD BILLY BINDER BIO BIO2 BIOFUTURE BIOTECH BIP BIRD BIRDIE BIRDS BIRDSEYE BISHOP BISHOPTHORPE BISON BISTRO BIZFI BJORN BLACK BLACKBIRD BLACKCRAIG BLACKHAWK BLACKHAWKS BLACKJACK BLACKSTONE BLACKWELL BLADE BLANCO BLANKET BLASTOFF BLAUW BLAZE BLAZER BLENHEIM BLITZ BLIZZARD BLOCK BLOOM BLOSSOM BLOWFISH BLUE BLUEBERRY BLUEBIRD BLUEFIN BLUEFISH BLUEGRASS BLUEJAY BLUEMOON BLUES BLUESKY BLUESPRUCE BLUSH BMC BMD BOA BOALI BOARDWALK BOAVISTA BOB BOBCAT BODENSEE BODY BOGEY BOGOTA BOI BOK BOLD BOLEYN BOLOGNA BOLT BONANZA BOND BONETTE BONITA BONN BONSAI BOOKWORM BOOM BOOMER BOOMERANG BOOST BOOSTER BOOTH BOOTING BORDESHOLM BOREAL BOREALIS BOREAS BOROA BORROMÉO BOSE BOSPHORUS BOSTON BOSTONCLEAN BOTANICAL BOTNIA BOTTICELLI BOULDER BOULEVARD BOURBON BOW BOWERY BOWIE BOWLER BOWMORE BOX BOXER BP BPC BRABO BRADLEY BRADSHAW BRADY BRAGI BRAHMAN BRAIN BRANDENBERG BRANDO BRARD BRASILIA BRASSERIE BRAVE BRAVO BRAZIL BRAZORIA BREAD BREAKAWAY BREAKERS BREEZE BREMERHAVEN BREWERS BREWSTER BRF BRICKTOWN BRICKYARD BRIDGE BRIDGET BRIGADOON BRIGHT BRIGITTE BRINK BRION BROADSWORD BROADWAY BROCA BRONCO BRONZE BROOKFIELD BROWN BROWNIE BRUEGEL BRUIN BRUNO BS BTMHF BUBBLES BUCCANEER BUCK BUCKET BUCKEYE BUDDY BUFALO BUFFALO BUFFET BUGATTI BUKIT BULL BULLDOG BULLFROG BULLITT BULLSEYE BUÑUEL BURGUNDY BURLINGTON BURN BURSA BUSHVELD BUTLER BUTTERCUP BUTTERFLY BUTTON BUZZARD BVB BX BYPASS BYRON C2 CAB CACHE CACTUS CAD CADDYSHACK CADENCE CADET CADILLAC CAESAR CAFETALES CAINE CAIRO CAJUN CALADRIUS CALDERA CALI CALIBER CALIFORNIA CALL CALLISTO CALVADOS CALYPSO CAMARGUE CAMARO CAMBIARE CAMBRE CAMBRIDGE CAMDEN CAMEL CAMELBACK CAMELLIA CAMELOT CAMP CAMPARI CAMPO CAMPUS CANADA CANAL CANBERRA CANDLELIGHT CANDY CANELA CANON CANTER CANTERBURY CANTINA CANTON CANTOR CANVAS CANYON CAP CAPE CAPELLA CAPENERGIE CAPITA CAPITA2 CAPITAL CAPITOL CAPRESE CAPRI CAPRICORN CAPTAIN CAPTURA CAR CARACARA CARAL CARAMBA CARAVAN CARAVELLE CARAWAY CARBON CARDIFF CARDINAL CARDINALS CARDIO CARE CARIBBEAN CARIOCA CARLIT CARMELA CARMEN CARNIVAL CAROL CARPAZZI CARPENTER CARRERA CARRIAGE CARRIER CARROT CARS CARSON CARTELERA CARTER CARTHAGO CARTWHEEL CASA CASABLANCA CASCADE CASCADES CASCATA CASH CASHMERE CASINO CASSIDY CAST CASTELLAR CASTILE CASTING CASTLE CASTLELAKE CASTLEPOOK CASUAL CAT CATALINA CATALYST CATAPULT CATFISH CATHERINE CATS CATTAN CATTLE CATWALK CAVALIER CAVALIERS CAVALRY CAVU CAYENNE CAYMAN CB CBDN CBI CCN CECIL CECILIA CEDAR CELANESE CELESTE CELINE CELL CELLO CELTIC CENTAUR CENTAURO CENTENNIAL CENTER CENTURION CENTURY CERES CERRES CESAR CEZANNE CH CHALK CHALLENGER CHAMBER CHAMBERTIN CHAMONIX CHAMPAGNE CHAMPION CHAMPIONS CHANCE CHANDLER CHARGER CHARGERS CHARIOT CHARLESTON CHARLIE CHARLOTTE CHARLY CHARM CHARON CHARTER CHARTERHOUSE CHATTER CHECK CHECKPOINT CHEETAH CHELSEA CHEMNITZ CHERRY CHESAPEAKE CHESS CHESTER CHESTNUT CHEVAL CHEVELLE CHEWBACCA CHIC CHICAGO CHILL CHILLER CHILLI CHIRNSIDE CHOBANI CHONGQING CHOPIN CHOW CHP CHRISTMAS CHROME CHRONICLE CHRONOS CHRYSALIS CHUBB CIANDT CIAO CID CIGOGNE CIL CIN CINNAMON CIPE CIPHER CIRCLE CIRCUIT CIRRUS CITADEL CITCO CITIZEN CITRINE CITRUS CITY CIVIS CL CLAP CLARENDON CLARK CLASS CLAW CLAYTON CLEA CLEAN CLEAR CLEARWATER CLEDOR CLEVELAND CLINIC CLINIQUE CLIP CLIPPER CLOCK CLOCKWORK CLOUD CLOUDESLEY CLOUSEAU CLOVER CLOWNFISH CLUB CLYDE CMA CMP CMYK CN COACH COAL COAST COASTAL COASTLINE COAT COATER COBALT COBALT) COBRA COCKTAIL COCO COD CODA CODE COFFEE COGNAC COGNIVUE COHETE COIN COLA COLBECK COLDCUT COLDHANDS COLIMA COLISEO COLLABOCEAN COLOGNE COLOMBO COLONIAL COLOR COLORADO COLOSSAL COLT COLTS COLUMBIA COLUMBO COLUMBUS COLUMN COLVES COM COM2 COMET COMETS COMFORT COMMANDER COMMERCE COMMODORE COMMONWEALTH COMMS COMO COMPASS COMPOSITITE COMPTECH CONAD CONCENTRATION CONCERT CONCERTO CONCORD CONCORDE CONCORDIA CONCRETO CONDOR CÓNDOR CONFIDENCIAL CONFIDENTIAL CONFLUENCE CONGO CONNACHT CONNECT CONNECTION CONNECTOR CONQUER CONSOPRINT CONSTANTINE CONSTELLATION CONSUMER CONTACT CONTEMPORARY CONTINENTAL CONVENA COOKIE COOL COOP COOPER COORS COPERUS COPPER COQUELICOT CORACLE CORAL CORBIN CORDILLERA CORDOBA CORETELLIGENT CORGI CORIANDRE CORMORANT CORNAS CORNERSTONE COROA CORONA CORREDOR CORRS CORSAIR CORTES CORUS COSMO COSMOS COTTON COTTONWOOD COUBERTIN COUGAR COUR COVERT COWBELL COWBOY COYOTE CP CPB CPO CPPM CR CRAB CRACKERS CRAFT CRANE CRANK CRAVE CRE CREDITO CREED CREMONA CRESCENDO CRESCENT CREST CRETA CREUSEN CRICKET CRIMSON CRIOLLO CRIOS CRISP CRISSCROSS CRISTAL CROATIA CROMWELL CROSBY CROSSBORDER CROSSBOW CROSSROADS CROW CROWN CRP CRUISE CRUISER CRUSH CRUSHER CRYSTAL CS CSP CTX CUBE CUBERA CUBIC CUBIC2 CUBS CUE CUIJK CUMBE CUMIS CUMULUS CUPID CURE CUSHMAN CUYAHOGA CWPW CYBERARK CYCLE CYPRESS CYPRUS CYRANO D D2 DA DAFFODIL DAFFODILS DAHL DAHLIA DAIKOKU DAIRY DAISY DAKOTA DALI DALLAS DALMORE DANAOS DANIEL DANTE DANUBE DARBY DARIEN DARIÉN DARJEELING DART DARWIN DASA DASH DATAROOM DAVIDSON DAVIEL DAVILA DAVINCI DAVIVIENDA DAVOS DAWN DAY DAYLIGHT DB DD DDS DE DEACON DEAL DEALIS DECEMBER DECODER DECONTROL DECORATIVE DEE DEFENDER DEGANWY DEIRDRE DEKA DELAWARE DELFIN DELIA DELITE DELOITTE DELPHI DELPHOS DELTA DELUGE DEMETER DEMIR DENALI DENIM DENIM501 DENTAL D\ENTE DENVER DEPECH DERBY DESARROLLOS DESERT DESIGN DESPACHO DESSAU DEXKO DF DFA DH DHC DIA DIABLO DIAGONAL DIAMANT DIAMOND DIAMONDBACK DIANA DIESEL DIF DIGGER DIGITAL DIJON DIKAIOS DILIGENCE DIMES DIMITRI DIMORA DIRHAM DISCO DISCOVERY DISGUISE DISTRICT DIT DIVERSE DIVINE DIVINING DMV DNA DNP DOBERMAN DOCE DOCKSIDE DOCS DOLCE DOLLY DOLPHIN DOMA DOMAN DOMINICA DOMINO DOMUS DONA DONALD DONAR DONATELLO DONAU DOOR DORMEN DOROTHY DORTMUND DOSI DOTHRAKI DOVE DOVER DOW DOWEL DOZEN DP DR DRACHEN DRAGON DRAGONFLY DRAVA DRC DREAM DREKAR DRIFT DRILL DRIVE DROMIO DRONE DRUM DRY DRYSHIPS DS DSI DTJ DUBAI DUC DUCHESS DUCHY DUCK DUCT DUDAMEL DUDE DUE DUFFERIN DUKE DUKINFIELD DUMMY DUNA DUNAMIS DUNDEE DUNEDIN DUPONT DURANGO DURHAM DÜSSELDORF DUVAL DYNAMIC DYNAMITE DYNAMO DYNASTY DZOR E E.P. EA EAGLE EARL EARLBLUE EARTH EAST EASTERN EASTWOOD EBBA EBC ECHELON ECHO ECIG ECLIPSE ECO ECOGEN ECORODOVIAS ECOVIX EDC EDCO EDEN EDGE EDGEMONT EDINBURGH EDISON EDUTAINMENT EDWARD EF EFFECT EGEO EGG EGRESSUS EGYPT EIGER EINSTEIN EIPA EIPA2 EL ELAND ELCANO ELECLINK ELECTRA ELECTRIC ELEKTRA ELEMENT ELEMENTS ELEPHANT ELETTRA ELEVATE ELEVATION ELISA ELISE ELISEO ELIXER ELK ELLEBORE ELLESMERE ELLIE ELLIPSES ELLIS ELM ELMO ELOISE ELROY ELVIS ELWAY ELWOOD ELYSIUM EMBARCADERO EMERA EMERALD EMERAUDE EMERELD EMILY EMMA EMOJI EMPEROR EMPIRE EMPOWER EMPOWERMENT EMU EMX ENAP ENCORE ENDEAVOR ENDEAVOUR ENDO ENDOGEN ENDURANCE ENERGAIN ENERGI ENERGIE ENERGY ENGAGE ENGINE ENGMAB ENO ENOSI ENP ENTENTE ENTERPRISE ENTRENCH ENVIRO ENZO EOS EPCOT EPIGENETICS EPILOGUE EPSOL EQUATOR EQUINOX ERAGON ERASMO ERG ERIC ERNST ERSI ESCO ESLORA ESPANA ESPOIR ESPORTE ESPRESSO ESQUITOS ESSAI ESSEL ESSEN ESTHER ETA ETERNITY EU EUCLID EUCLIDE EUGENE EUNICE EUROGROUP EUROPA EUROPE EUROSTAR EVANS EVE EVEREST EVERGLADES EVERGREEN EVO EVOKE EVOLUTION EVOLVE EVROTAS EX EXCALIBUR EXCEL EXCELLENCE EXCHANGE EXCITE EXOTISCH EXPAC EXPANSION EXPERT EXPLORE EXPRESS EXPRESSO EXTRA EY EYE EYEPIECE EZ F F2GC FA FADOS FADOUL FAF FAHRENHEIT FAIRWAY FALCO FALCON FALKNIS FALLS FALSTAFF FAR FARADAY FARGO FARMHOUSE FAST FB FBB FCF FEATHER FEB FEDERAL FEDORA FEED FELICIA FELICITY FÉLIN FELIX FENDER FENIX FENNEC FENNEL FENSTER FENWAY FERN FERRARI FERROATLANTICA FERROATLANTICA2 FERRUM FERTILIIZER FERTILIZER FEV FIBER FIDELIO FIDELIS FIDELITY FIESTA FIFTEEN FIG FIGARO FIJI FILE FILM FILMOR FINALIS FINANCE FINANCIERO FIND FINDUS FINGER FINLAND FINLEY FINN FIONA FIR FIRE FIREFLY FIREFOX FIREHAWK FIRESTIXX FIRST FISH FISHERS FISSION FIT FITCH FITNESS FITZROY FIX FJORD FLAG FLAGSHIP FLAGTAIL FLAIR FLAME FLAMINGO FLAMINIO FLAPJACK FLASH FLASHDANCE FLASHPOINT FLASKA FLÁVIO FLEET FLETCH FLEX FLEXIANT FLEXIT FLIGHT FLINSTONE FLINTSTONE FLIPPER FLOOD FLORA FLORENCE FLOUR FLOURINE FLOW FLOWER FLOWS FLY FLYER FLYFLY FLYVIRTUAL FLYWHEEL FN FNB FNFG FNMC FOAM FOCUS FOGO FOLIUM FONDERIE FONTAINEBLEAU FOOD FOOTBALL FOOTJOY FOOTPRINT FOR FORCE FOREST FORGING FORJA FORMAN FORMULA FORNAX FORREST FORTALEZA FORTH FORTITUDE FORTRESS FORTUNA FORTUNE FORWARD FOS FOSSIL FOUNDATION FOUNTAINHEAD FOX FOXTAIL FOXTROT FOYT FRAC FRAGONARD FRANK FRANKLIN FREEBIRD FREEDOM FREEDONIA FREEZE FREHEL FRÉHEL FREIGHT FREMONT FRENCH FREQUENCY FRESH FRESNO FRICK FRIDAY FRIDGE FRIGG FRISBEE FRITZ FROG FRONT FRONTIER FRONTRANGE FROST FS FT FUEL FUJI FULDA FULL FUNF FUNGHI FURROW FURSKIN FUSION FUTURE FVM FXA G G&A G. GÃ¶TZ GABRIEL GAEL GAIA GAIN GALA GALAPAGOS GALAXY GALBI GALIA GALILEO GALLERIA GALLICAN GALLINA GALLO GALLON GAMA GAMELAN GAMMA GAMME GAN GANDALF GANNET GANYMEDE GAO GARAGE GARCON GARDEN GARIBALDI GARLAND GAS GATE GATEWAY GATHER GATOR GATSBY GATTO GAUCHO GAUDI GAUNTLET GAUSS GAZELLE GB GBO GCB GCREF GDB GECKO GEFION GELATO GELSENKIRCHEN GEM GEMINI GEMME GEMSTONE GENDARM GENERAL GENESIS GENEVA GENIUS GENOA GENOME GENUI GEORGE GERALD GERONIMO GESTA GESTIN GET GEYSER GFORCE GGBCV GHAZIL GHOST GIALLO GIANT GIBRALTAR GIESTA GIFT GILDED GILLIGAN GILMOUR GIN GINGER GINGKO GINKGO GINZA GIRAFFE GISPERT GITA GJP GLACIER GLADIATOR GLAMOUR GLAS GLASS GLATT GLEN GLENCORE GLICOSEG GLOBAL GLOBE GLOBETROTTER GLORIA GLOW GMK GNA GNOME GO GOA GOETHE GOLD GOLDCREST GOLDEN GOLDENEYE GOLDFINGER GOLDFISH GOLDILOCKS GOLDLINQ GOLF GONDOR GOOD GOOFY GOOSE GOPHER GORGEOUS GORILLA GOTHAM GOURMET GOVERNANCE GOWEST GOYA GRABER GRACE GRACES GRADUATION GRADY GRAFFIAS GRAHAM GRAMERCY GRAN GRANADA GRAND GRANDE GRANDPRIX GRANDVIEW GRANITE GRANIZO GRANT GRAPE GRAPHITE GRAVITY GRAY GRC GRE GREASE GREECE GREEK GREEN GREENGO GREENHILL GREENLAND GREENLEAF GREENPOINT GREENSHOOT GREGOR GREY GREYHOUND GREYSTONE GRH GRIECHENLAND GRIFFIN GRIFFINDOR GRIHL GRISET GRIT GRIZZLY GROSSGLOCKNER GROSVENOR GROUPE GROVE GROW GROWLER GROWTH GRUINARD GRUMMAN GRÜNE GSK GT GTG GTNA GUADAIZA GUADALUPE GUARDIAN GUELL GUERNSEY GUGLIELMI GUINESS GUINNESS GULF GULLIEMOT GULLIVER GUMPERT GURU GVII H H&M H3 HABANERO HABS HACKMAN HADDOCK HADRON HAIKU HAKON HALEN HALIFAX HALITUS HALLE HALLETT HALO HAMILTON HAMLET HAMMER HAMMERHEAD HAMPTON HANDSOME HANNOVER HANOI HAPI HAPPY HARBOR HARBOUR HARDY HARE HARLEY HARMONY HARMONY>UNIVERSE HARPOON HARRENHAL HARRIER HARRISON HARRY HARSCO HARU HARVEST HARVESTER HARVEY HAT HAUL HAUS HAUSVERWALTUNG HAVEL HAVEN HAWAII HAWK HAWK2015 HAWKEYE HAYABUSA2 HAZEL HB HC HCI HEALESVILLE HEALTHCARE HEALTHPLEX HEALTHSCAPE HEALTHWYSE HEARING HEART HEARTH HEARTLAND HEAT HEAVEN HEAVY HEAVYWEIGHT HEDERA HEIDI HEINEKEN HELEN HELENA HELIOS HELIX HELMET HELO HELPING HELPSYSTEMS HEMINGWAY HENDRIX HENDRY HENRI HEPHAISTOS HEPS HER3LES HERACLES. HERB HERBST HERCULES HERDADE HERGE HERGÉ HERMANN HERMES HERMIONE HERMITAGE HERO HERON HERTZ HEXAGON HI5 HIBISCUS HICKORY HIGH HIGHBURY HIGHLANDER HIGHLANDS HIGHLIGHT HIGHWAY HIGHWIND HIGUCHI HILDA HILEX HILLARY HILTON HIMAWARI HINA HINES HINTERLAND HIPMUNK HIPPOCAMPUS HIPPOCRATES HISTORY HIT HIVE HLC HLS HLT HOBIE HOCK HOGAR HOLDCO HOLIDAY HOLLAND HOLLISTON HOLLYWOOD HOME HOMECOMING HOMELAND HOMER HOMESTEAD HOMYPED HONEY HONEYCOMB HONEYMOON HOOSIERS HOOVER HOPS HORIZON HORIZONT HORN HORNBILL HORNET HOROWITZ HORSE HOST HOSTIUS HOT HOTEL HOUND HOUNDSTOOTH HOUSE HOUSTON HOYAS HPX HSW HT HUATULCO HUBBLE HUCKABEE HUCKLEBERRY HUDDLE HUDSON HUERTAS HUGHES HUGO HULL HUMBOLDT HUME HUNTER HURON HURRICANE HUSKY HYATT HYBRID HYDRA IBBA IBERIA ICARO ICE ICEFORCE ICELAND ICON ICON\ ICONIC ICR ID IDEA IDOM IFN IGLO IGLOO IGNITE IGNITION IGOR IKARUS IKE ILLUMINATE ILUMINATE ILYAPA IMAGE IMAGO IMAGO IMI IMMANUEL IMMUNEXPRESS IMOLEVE IMPALA IMPERIAL IN INCLINE INCOGNITO INDEX INDI INDIA INDIAN INDIANA INDIAS INDIGO INDONESIA INDOOR INDRE INDUS INDUSTRY INDY INFIGEN INFINITY INFUSE ING INGELL INGOT INITIAL INNOVATION INPOST INSIGHT INSPIRATION INSPIRE INTEGRA INTEGRATION INTELLIGENCE INTELOMED INTEMPO INTEREST INTERNAL INTERNOTE INTERSTELLAR INTERVENANCE INTREPID INVEPAR INVESTOR INVICTUS ION IOP IOTA IPANEMA IPO IREF IRENE IRIDIUM IRINTZI IRIS IRON IRONHORSE IRONMAN IRONMEN IRRINTZI ISABEL ISABELLA ISAR ISARTAL ISIGMA ISKRATEL ISLAND ISOLUX ISOSCELES ISOTOPE IT ITALY ITHACA ITU IVAN IVORY IVY IXCHEL IZARO J JACK JACKAL JACKELOPE JACKIE JACKSON JACKTHREADS JACOB JADE JAGUAR JAKOB JALAPENO JALISCO JALMA JAM JAMAN JAMBALAYA JAMES JAN JANE JANUAR JANUS JARDIN JASMINE JASPER JATIUCA JAVA JAVELIN JAZZ JC JCB JEDI JEEP JEFFERSON JELLE JERRY JET JETER JETSON JETSUITE JEWEL JEWELHARMONY JIGSAW JILL JINGLE JIP JLH JM JOCKEY JOCONDE JOHAN JOLT JORDAN JOSEPH JOSHUA JOUST JOY JPB JPM JR2 JSOUZA JUICE JULEP JULIANA JULIE JULIET JULY JUMP JUMPMAN JUNCTION JUNO JUPITER JURA JY K K2 KADEK KAIROS KAIYUAN KALACHASHMA KALAHARI KANDINSKY KANGAROO KAPITAL KAPPA KAR KARAT KAROLINGER KART KARVY KASSEL KASTURI KATANA KATO KAURI KAYAK KC KDIC KEES KELISA KELLY KELPPIE KELVIN KEMPERMANN KENIA KENNEDY KENNETH KENON KENSINGTON KENTUCKY KENWOOD KEPLER KERMIT KERN KERNEL KETOS KETTERING KEY KEYNOTE KEYSTONE KHULA KILIAN KILIMANJARO KINDLE KINETIC KING KINGFISH KINGS KINGSMAN KIRKWOOD KISS KIT KITCHEN KITE KITTYHAWK KIWI KJ KLEEN KLONDIKE KLOSTERS KNIGHT KNOT KNP KOALA KOBLENZ KODIAK KOI KOLA KOMODO KONNECT KOOLHAAS KOPENHAGEN KOPERNIKUS KRAFTWERK KRATOS KREFELD KRESS KRISHNA KRUGER KRYSTAL KTV KUNAN KURLAND KYMA KYOTO L L&G L1 L2 LA LAB LABMED LABRADOR LABYRINTH LADDIE LADYBUG LAGER LAGODA LAGOON LAGUNA LAINO LAKE LAKES LAKETOWN LAKSHMI LAMBDA LAMBETH LAMINATION LAMY LANCASTER LANCE LANCER LANCO LAND LANDMARK LANDRY LANDSHARK LANE LANGERLO LANISTER LANN LANNISTER LANSTON LANTERN LANZA LAPWING LARAQUE LARIAT LARK LAS LASER LATIN LATOUR LAUNCH LAURA LAUREN LAURENTINA LAVACA LAVALLEJA LAVENDAR LAVENDER LC LE LEAD LEADER LEAF LEAFS LEAGUE LEAL LEAP LEAPFROG LEAR LEE LEFOSSE LEGACY LEGATO LEGION LEGO LEHM LEIMEKO LEMIEUX LEMUR LENDERY LENNUT LEO LEONARD LEONARDO LEONIDAS LEOPARD LESLEY LETOUR LETTERMAN LEWIS LEXICON LEXUS LHASSA LIANA LIBERTÉ LIBERTON LIBERTY LIBRA LIBRO LIELJE LIFE LIFT LIFTOFF LIGHT LIGHTBULB LIGHTENING LIGHTHOUSE LIGHTNING LIGHTS LIGHTSABER LIGHTSPEED LILY LILYS LIMA LIMECO LIMESTONE LIMMAT LINCOLN LINDEN LINDENPLATZ LINDY LINEN LINGO LINK LINKBYNET LION LIONFISH LIONHEART LIQUID LISA LISBON LITTLE LIVE LIVEINTENT LIVERPOOL LIVINGSTONE LIVONIA LIVOS LMB LMI070 LNG LOBO LOCK LOCKELORD LOCKSMITH LOGGIA LOGIN LOGISTICS LOGISTIKS LOGISTIQUE LOGPORT LOISIR LOMBARDI LOMBARDO LONDON LONE LONESTAR LONG LONGBOW LONGHORN LONGLEAF LONGVIEW LOO LOON LORAX LORCA LORD LORDSTOWN LOT LOTUS LOUISA LOUVRE LOVELAND LOX LP LTF LTG LUBBOCK LUCAS LUCCA LUCERNE LUCHADOR LUCIA LUCIDA LUCIDITY LUCILLE LUGANA LUMBERJACK LUNA LUSITANO LUX LUXURISE LXP LYNN LYNX LYRIC LYSKAMM M M&A M&M M2B M3 MAC MACALLAN MACARENA MACASSAR MACAU MACAW MACCHIATO MACH MACHINE MACHU MACK MACRO MADDEN MADDOX MADEIRA MADISON MADRID MAESTRO MAEVE MAGAZIN MAGAZINE MAGELLAN MAGENTA MAGIC MAGISTER MAGMA MAGNA MAGNET MAGNETITE MAGNOLIA MAGNUM MAGNUS MAGPIE MAIL MAINE MAINFRANKEN MAINNETZ MAINSTREAM MAISON MAJOR MAJURA MAKIO MAKO MALAGA MALAKOFF MALAYSIA MALBEC MALDIVES MALIBU MALLORY MALTA MAM MAMBA MAMBO MANATEE MANDARIN MANDJE MANGO MANHATTAN MANNING MANOIR MANOTERAS MANTA MANTLE MANZO MAO MAPLE MARATHON MARBELLA MARBLE MARCADE MARCEAU MARCH MARCIAL MARCO MARCONI MARECA MARENGO MARGAUX MARIA MARIE MARIGOLD MARINA MARIO MARIOTA MARIUS MARJOLAINE MARKETPLACE MARKO MARKOWITZ MARL MARLBOROUGH MARLEY MARLIN MARLO MARLOW MARLOWE MARMALADE MARMOTTE MARQUEE MARRIOT MARS MARS1 MARSEILLE MART MARTINI MARTYN MARU MARVEL MARY MARYLAND MARYLEBONE MASCARA MASH MASS MASSA MASTERS MASTRO MATADOR MATCH MATER MATISSE MATRIX MATTAWOMAN MATTERHORN MATTI MAUI MAUT MAVERICK MAX MAXIM MAXIMA MAXIMUS MAXWELL MAY MAYA MAYER MAYFAIR MAYNE MAYO MAYOL MAZE MAZO MAZZINI MB MCCAW MCG MCG2 MCKINSEY MCLAREN MD MEADOW MEADOWS MEDAL MEDDEV MEDIA MEDIALET MEDIC MEDICAL MEDINA MEDITERRANEO MEDIWARE MEDIWARE4 MEGA MEGATRON MEISSEN MELANIA MELBA MELBOURNE MELCHESTER MELIOR MELODY MELVIN MEMENTO MENA MENDOTA MENSA MENTOR MENU MEP MERCEDES MERCENARY MERCER MERCKSERONO MERCURY MEREL MERIDIAN MERIDIANO MERIDIUS MERITAGE MERIWETHER MERKUR MERLIN MERYLITHE METAL METAVET METEOR METEORE METRO METROPOLITAN MEZCAL MG MGC MI6 MIAMI MIBGAS MICHAEL MICHELANGELO MICRO MICRONIT MIDAS MIDCAP MIDDLE MIDWAY MIF MIKADO MIKE MIKITA MILAN MILE MILL MILLAU MILLENIAL MILLENNIAL MILLWHEEL MILO MILOU MILTON MIMIZUKU MINDJET MINE MINERVA MINHAVIDA MINION MINISTRY MINOAN MINOS MINOTAUR MINT MINUTEMEN MIRAGE MIRAI MIRANDA MIRO MIRREN MIST MITO MIX MIXTURE MJ ML MLB MM MO MOAT MOBILITY MOBIUS MOCKA MOCKINGBIRD MODAL MODE MODELLO MODENA MOELOGAN MOERDIJK MOGUL MOHO MOJITO MOLD MOLECULE MOLLI MOMENTUM MONACO MONARCH MONCEAU MOND MONDAVI MONDAY MONDE MONDFISCH MONDRIAAN MONDRIAN MONET MONEYPENNY MONGOOSE MONITOR MONIZ MONK MONKEY MONROE MONT MONTANA MONTAUK MONTBLANC MONTI MONTREAL MONTREUX MONTY MONUMENT MONURILL MONZA MOON MOONBEAM MOONFALL MOONSHINE MOONWALK MOORINGE MOOSE MORADA MORAG MORE MORECOMBE MORGAN MORISON MORRISON MORY MOTION MOTIVATION MOTORHEAD MOTOWIZJA MOTUS MOUNTAIN MOUNTAINEER MOUNTIE MOUSAI MOVE MOZART MR. MR.RABBIT MS MSCI MSD MSQUARE MT MTO1 MTO2 MTOR MUDANZA MUDHEN MUESE MULBERRY MUNCH MUNICH MUNROE MURUK MUSE MUSIQUE MUSTANG MYERS MZLZ N/A N°3 NACALA NAGARES NAIL NAME NAN NAO NAPA NAPLES NARNIA NAS NASA NASCAR NASH NASSAU NATION NATIONAL NATURAL NATURE NAUTILUS NAV NAVAJAS NAVARONE NAVESINK NAVIGATE NAVY NB NCAA NEBRASKA NEBULA NECKAR NECTAR NELLIE NELSON NEMO NEMROD NENALUX NEO NEON NEOVACS NEPER NEPTUNE NEPTUNO NER1006 NERF NERO NESTOR NETPOINTS NETWORK NEULAND NEURAL NEURONE NEVADA NEW NEWBRIDGE NEWEN NEWT NEWTON NEXT NEXUS NFE NGENTEC NGH NH NI NIACET NIAGARA NIAGRA NICOLAS NIEVE NIF NIGHT NIGHTHAWK NIKE NILE NINE NIRVANA NITRO NITTO NK NK1 NK2 NK3 NLCS NMA NN NOAH NOBEL NOBLE NOIR NOMADIX NONAME NOOB NORA NORDICONAD NORDLICHT NORDSEE NORMANDIA NORSTAT NORTH NORTHPOINT NORTHSIDE NORTHSTAR NORTHWEST NORWAY NOTEBOOK NOTRE NOURA NOVA NOVACAP NOVO NOZOMI NPS NUCLEUS NUGGET NUSIL NUTMEG NYMPHÉAS NZ OAK OAS OASIS OBA OBELISK OBELIX OBSIDIAN OCEAN OCEANE OCEANIC OCEANS OCTANE OCTAVE OCTAVIUS OCTP OCULUS ODEON ODIN ODISSEY ODYSSEUS ODYSSEY ODYSSEY\ OEI OEKA OESTERSTOUT OFFROAD OFFSPRING OFSTEEL OGL OHM OIC OIL OILFLOW OJIBWE OKAVONGO OKAY OKTOBERFEST OLAF OLHAUSEN OLIVE OLIVER OLIVINE OLPC OLYMPE OLYMPIA OLYMPICS OLYMPIQUE OLYMPUS OMAHA OMEGA OMEYA OMH OMNIA ONCOTHYS ONE ONKORD ONS ONTARIO ONYX OPAL OPEN OPENMAIL OPERA OPERADORA OPIS OPTICOM OPTIMUM OPTIMUS OPUS OR ORACLE ORAD ORANGE ORANGE2 ORANJE ORBIT ORCA ORCHESTRA ORCHID OREGONTRAIL ORGANIC ORIBEER ORIBI ORIENT ORION ORLANDO ORLY ORTEGA ORTIZ ORVILLE OSCAR OSIRIS OSLO OSPREY OSTRAVA OT OTELLO OTIS OTTO OTX OURIKA OUTBACK OUTSOURCING OVERTURE OVID OWEN OWL OXANDROLONE OXFORD OXYGEN OXYGENE OYSTER OZ OZARK P P2F PACES PACIFIC PACK PACKAGING PACT PADDLE PADRES PAGANI PAGE PAGH PAJERO PALACE PALANCA PALATIN PALEO PALLADIO PALLADIUM PALM PALMETTO PALOMA PALOMBE PALSTEK PAMPA PAMPLONA PANA PANACEA PANAREA PANDA PANDI PANDORA PANEL PANGEA PANORAMIX PANTHEON PANTHER PANTO PAPAGAYO PAPAS PAPAYA PAPPAS PAPPY PAPYRUS PAR PARABOLA PARACHUTE PARADIGM PARAGLIDE PARAGON PARAKEET PARAMOUNT PARASAIL PARC PARENT PARIGNON PARIS PARK PARKA PARKE PARKER PARLA PARTHENAY PARTHENON PARTS PASCAL PASHA PASSAGE PASSAT PASSION PASTRY PAT PATCH PATEK PATENT PATH PATHFINDER PATMOS PATO PATRICK PATRIOT PATRONUS PATS PAUL PAULETTE PAVILLION PAYDIREKT PAYMENT PAYMENTS PBB PCH PCI PCP PCT PEACH PEACHTREE PEAK PEAKE PEAR PEARL PEBBLE PEDAL PEDREGAL PEEL PEERLESS PEGASO PEGASUS PEGGY PELICAN PELION PELORUS PENELOPE PENGUIN PENGYU PENINSULA PENN PENNANT PENROSE PENTA PENTIUM PEP PEPÉ PEPINIERES PEPPER PEPPERCORN PEPPERMINT PERA PERFORMANCE PERFUM PERISCOPE PERKINS PEROVSKITE PERSEO PERSPECTIVE PETERSHOF PETRA PETRUS PETTIFORD PEZ PF PFB PHANTOM PHARMA PHARMACY PHARMEDIUM PHAROAH PHAROS PHARRELL PHCP PHILADELPHIA PHILADEPHIA PHOEBE PHOENIX PHOTON PHYSALYS PIAFFE PICASSO PICCADILLY PICCASO PICCOLO PICO PIE PIECE PIEDMONT PIER PIERRE PIKES PILAT PILATUS PILGRAM PILLAR PILLO PILLOW PILOT PINE PINEHURST PINHEIRO PINK PINON PINOT PINSTRIPE PINTA PINTO PIONEER PIPE PIPELINE PIPER PIPETA PIPING PIRAEUS PIRAHNA PIRATE PIRENE PISCES PISTON PISTONS PIT PITBULL PITCH PITTSBURGH PITZNER PIVOT PIXAR PIXEL PK PLAN PLANET PLANK PLANT PLASMA PLASTER PLASTIC PLATFORM PLATIN PLATINUM PLATO PLAY PLAY33 PLAYBOOK PLEASANT PLEASE PLENUM PLEWA PLM PLUM PLUTO PLUTON PLUTUS PLYMOUTH PNA POE POINTER POLAR POLARIS POLLINO POLLOCK POLO POLY POLYGON POLYMER POMEROL POMONA PONCHO PONDEROSA PONTE PONTIS PONTOON POOCH POOL POP POPCORN POPLAR POPPY PORTA PORTER PORTFOLIO PORTIER PORTIMAO PORTRAIT POSEIDON POSEÏDON POSH POST POSTURE POULENC POWER POWERHOUSE POWERS PP PPB PPO PRÃ¼FTECHNIK PRAHA PRAIRIE PREAKNESS PRECISION PREDATOR PREMERA PREMIER PREMIUM PREPA PRESIDIO PRESS PRESTAMOS PRESTO PRIAMO PRIDE PRIMARY PRIMAVISTA PRIME PRIMO PRIMROSE PRINCE PRINCESS PRISM PRISTINE PRM PRO PROBE1 PROFUMO PROJECT PROJET PROMETHEUS PRONTO PROPELLER PROPOSTA PROPULSION PROSPECTOR PROSYS PROTÉE PROTEUS PROTON PROVE PROVIDENCE PRUEBA PS PUCK PUDAHUEL PUERTA PUERTO PUKRGLF2 PULSE PUMA PUMPKIN PUNCH PUNTA PURE PURIFY PURITY PURL PURPLE PURPLEFINCH PUTZIN PUXIN PV PVC PWC PYRAMID PZ Q QIRT QUADRANT QUANTUM QUARK QUARTERS QUARTET QUARTURO QUARTZ QUATTRO QUEEN QUEENSLAND QUENTIN QUEST QUINCE QUINOA QUINTET QUSIP R R2 R2GC RÃ¼GEN RABO RACE RACER RACETRACK RACEWAY RACING RAD RADAR RADIAL RADIANT RADIO RADISSON RAIDERS RAIL RAIN RAINBOW RAINDROPS RAINER RAINFOREST RAISE RALLY RAM RAMBLIN RAMP RAMPART RAMS RAMSEY RAMSIS RANGER RANGLER RAPHAEL RAPID RAPTOR RASPBERRY RATA RATLIFF RAVEN RAVENSTEAL RAW RAY RAYS RAZOR RAZORBACK RB RBI RDBH RE REACH REACTOR READY REAL REALCLOUD REBEL REBUS RECAP RECHENZENTREN RECRUIT RECYCLING RED REDBIRD REDBULL REDLION REDWOOD REDX REEF REFOCUS REFRESH REFRESHER REFUEL REGAL REGENT REHABILITATION REIGN RELAY RELIABLE REMBRANDT REMUS RENAISSANCE REPAIR REPOSITORIO REPOSITORY REPRO68 REPUBLIC RESOL RESOLUTION RESONATE RESOURCE RESPONSE RESTORE RETAIL RETRENCHMENT RETRIEVER RETURN² REVEAL REVEILLE REVERE REVLON REVOLUTION REWARD RFR RFS RG RGS RHAPSODY RHINE RHINO RHODES RHODODENDRON RHONE RHYTHM RIALTO RIBBON RIBEYE RICHARD RICHMOND RICHTER RICK RICOLA RIDE RIDER RIDGEBACK RIESLING RIF RIGI RIHANNA RING RINGO RINGPINION RIO RIOJA RIPASSO RIPON RIPPLE RISE RISER RISING RITCHIE RITZ RIVER RIVERPORT RIVERSIDE RIVIERA RIVOLI RLM RM RML RMW ROAD ROADHOUSE ROADRUNNER ROADSTER ROANDI ROAST ROBERT ROBIN ROBINSON ROBO ROC ROCA ROCCA ROCK ROCKET ROCKSPRING ROCKSTAR ROCKY RODEO RODOVIA RODRIGO ROHAN ROLEX ROLEX. ROLL ROLLINS ROLLS ROMA ROMAN ROME ROMEO RONDO RONJAT ROOFTOP ROOM ROONEY ROOSEVELT ROOSTER ROPE ROPER RORY ROSALEDA ROSARIO ROSE ROSEMARY ROSENGARTEN ROSEWOOD ROSSETTO ROSTOV ROTER ROUGE ROUM ROUSE ROVER ROXANNE ROY ROYAL ROYALTY RSA RSP5 RTO RUAMMITR RUBENS RUBICON RUBIN RUBIX RUBUS RUBY RUDDER RUDOLF RUDOLPH RUDY RUE RUGBY RUN RUNE RUNNER RUNWAY RUSHMORE RUSSE RUSSIAN RUTA RVB RX RYAN RYDER RYOMA S S&D S3 SA SABALO SABER SABRE SACRAMENTO SAENTIS SAFARI SAFAT SAFE SAFELOCK SAFFRON SAFI SAGAMORE SAGE SAGUARO SAHARA SAIL SAILBOAT SAILER SAILING SAILOR SAINT SAKURA SALE SALE8HOTELSSPAIN SALIMA SALOMON SALT SALTER SALUTE SALVA SAM SAMBA SAMEER SAMSON SAN SANCTUARY SAND SANDBOX SANDCASTLE SANDFIRE SANISPIRA SANITAS SANMARCO SANORIN SANSEDONI SANT SANTA SANTANA SANTANDER SANTARÉM SANTIAGO SANUS SAP SAPHIR SAPPHIRE SARDINIA SARL SAS SATISFACTION SATSUKI SATURN SATURNE SATURNO SAVANNAH SAXO SAXON SBI SCALA SCALE SCAN SCARGOT SCAW SCENT SCHILLER SCHOLAR SCHOOLHOUSE SCORPION SCOUT SCRIBE SCROLL SCRUBS SCT&E SCUBA SDE SEA SEABISCUIT SEAFRANCE SEAGULL SEAHAWK SEAL SEALSKINZ SEATTLE SEAVIEW SEAWEED SEC SECONDO SEDONA SEEBURG SEED SEED) SEEK SEGO SEGURA SEINE SELAS SELECT SELENE SELLSIDE SELMA SEMINOLE SEMPER SENTINEL SENTRY SEPT\16 SEPTEMBER SEQUEL SEQUOIA SERVCO SERVER SERVICE SESAM SET SEVENOAKS SEVILLA SG SHAANXI SHACKELTON SHADE SHADES SHADOW SHAFT SHAKER SHAKESPEARE SHAKIRA SHAMBALA SHAMROCK SHAPE SHARE SHARK SHAWFORD SHELBY SHELF SHELL SHELTER SHEPHERD SHERATON SHERINGHAM SHERLOCK SHERLOX SHERO SHERWOOD SHIBA SHIELD SHIFU SHILPI SHINBASHI SHINDY SHINE SHINER SHINSETSU SHIP SHIPPING SHIRAZ SHOCK SHOE SHOES SHOGUN SHOOTING SHORE SHOREMAN SHOWCASE SHOWER SHOWROOM SHUFFLE SIDECRACKER SIEGFRIED SIENA SIENNA SIERRA SIGMA SIGMUND SIGNAL SIGNATUM SILICE SILICE2 SILICON SILK SILVER SILVERSURFER SIMMONS SIMON SINATRA SINEW SINGAPORE SINGHA SINGLE SINVIA SION SIRI SIRIS SIRIUS SISTER SITE SIXTEEN SIXTY SKIPJACK SKIPPER SKK SKY SKYFALL SKYLINE SKYWALKER SKYWAY SLALOM SLAP SLEEPER SLICE SLIM SLINGSHOT SLMP SLOAN SLOPE SM SMALLABLE SMART SMERSCH SMOOTH SNAITECH SNAP SNELLING SNOOZE SNOW SNOWBALL SNOWFLAKE SNOWMASS SO SOAVE SOC SOCCER SOCIETE SOCIETY SODIM SODIUM SOFIA SOFOLOGY SOIL SOKRATES SOL SOL.IN.BUILD SOLAR SOLDER SOLEY SOLGEN SOLICTICE SOLITAIRE SOLON SOLUTION SOLUTIONS SOLVIA SOLVO SOMANA SOMERSET SOMKEAT SONG SONIC SONNY SOPHIA SORBONNE SOROLLA SORRENTO SOTOGRANDE SOUL SOUTH SOUTHLAND SOUTHPAW SOUTHSIDE SOX SPA SPACE SPAIN SPARK SPARKLE SPARROW SPARTA SPARTAN SPARTY SPEAR SPECIAL SPECIALTY SPECTACLE SPECTOR SPECTRE SPECTRUM SPEED SPEEDWAY SPELUNKER SPENCER SPERO SPEY SPF SPICE SPIDER SPIDERMAN SPINACH SPINNAKER SPINOZA SPIRAL SPIRIT SPIRITS SPITFIRE SPLASH SPLINTER SPOCK SPORT SPORTSLABS SPOTLIGHT SPRAY SPRING SPRINGBOK SPRINT SPRINTER SPRITE SPROUT SPRUANCE SPURS SPYDER SQUARE SQUID SS ST ST. ST.LOUIS STAB STABLE STAGE STALLION STANLEY STAPLES STAR STARBUCKS STARBURST STARDUST STARK STARKLL STARLIGHT STARLING STARR START STATE STATEFAIR STATUTORY STC STEAK STEAM STEAMBOAT STEEL STEELE STEELER STEELMEN STEIN STEINWAY STELLA STELLAR STEMCOR STEP STEPSTONE STEWARD STEWART STFR STILLER STIM STING STINGRAY STIRLING STONE STONEBRAE STONES STORM STORMWIND STP STRACCIATELLA STRAIT STRATA STRATOS STREAM STREAMING STREET STRIDOR STRIKER STRONG STRUT STRYKER STUART STUDENT STUDERE STUDIO STÜHRK STYLE SUBMARINE SUBOX SUBSTANZ SUBWAY SUCCESS SUCRE SUEZ SUGAR SUGARLOAF SUICA SUL SULAIMAN SUMMER SUMMIT SUMO SUN SUNDANCE SUNDAY SUNFISH SUNFLOWER SUNMARINA SUNRISE SUNSEEKER SUNSET SUNSHINE SUPER SUPERBIRD SUPERIOR SUPERMAN SUPPLY SURCOUF SURELA SURF SURFACE SURGE SURGEON SURGERY SURREY SUSAN SUSHI SUSSER SV4 SWAN SWANLAKE SWEET SWEETWATER SWIFT SWIM SWIPE SWITCH SWITZERLAND SWORDFISH SWS SXSW SYCAMORE SYDNEY SYMETIS SYMPHONY SYNDICATION SYNERGENCE SYNERGY SYNTAX SYNTHESIS SYRAH T T.COM T2 T9 TA TABASCO TABLE TABLET TACHIBANA TACO TAG TAGE TAGGART TAHOE TAILOR TAILWIND TAILWINDS TAKEOFF TALENT TALLINN TALON TALOS TAMALE TAMARIND TAMIAS TAMIBAROTENE TAMPA TANAGER TANDEM TANGO TANK TANNER TAP TARA TARGET TARGUS TARPON TARVOS TASMANIA TASTE TAURO TAURUS TAWNY TAXI TAYLOR TBA1 TCR TDB TEA TEAL TEAM TEE TEGRA TELECOM TELEMETRY TELEPHONE TELLUS TELSANG TEMPLE TEN TENASKA TENGI TENGLU TENSILE TENSOLDS TENT TEQUILA TERESA TERMINAL TERMINUS TERRA TERRAPIN TERRE TERROIR TESLA TESS TEST TETRA TETRAGENETICS TETRIS TEUTO TEXAS TEXO THALLO THAMES THANOS THEATRE THEISS THEMIS THERESA THERMOMIX THESEUS THIERRY THIN THIRD THIRSTY THOMAS THOME THOMSON THOR THORN THORNBID THOROUGHBRED THOT THREE THRILLER THRONE THRUST THUNDER THUNDERBALL THUNDERBIRD THUNDERBOLT THUNDERS THUNDERSTRUCK THYME TIARA TIDAL TIDE TIDEMARK TIE TIF TIGER TIGERS TIGO TIKI TIMBER TIMBERLAND TIMBERWOLF TIME TIMEOUT TIMES TINES TINKER TIRESIAS TISBE TITAN TITANIC TITANIUM TITANS TITIEN TITLIS TITO TITU TIVOLI TIZZOT TK TLV TMAC TMC TMS TOBASCO TOBLERONE TOBRUCK TOJA TOKIO TOM TOMAHAWK TOMORROW TONY TOOL TOP TOPAZ TOPEKA TOQUILLA TORERO TORGA TORINO TORMES TORNADO TORO TORONTO TORQUE TORRECOM TORRENT TORRES TOTEM TOUCAN TOUCHDOWN TOUCHSTONE TOUR TOURIST TOURMALET TOWER TOWERS TOWN TPF TPP TRACK TRACTION TRAILBLAZER TRAILER TRAIN TRAINER TRANQUILITY TRANS TRANSCATHETER TRANSFER TRANSFORMER TRAVEL TRAVELER TRAVELLER TRAVERN TRAVESIA TREASURE TREASURY TREDEGAR TREE TRÈFLE TREK TREVI TRIAL TRIANGLE TRIB TRIBE TRIBUTARY TRICORNE TRIDENT TRIGGER TRIGONE TRIMITE TRINITY TRIO TRIPLE TRIPOD TRITON TRIUMPH TROISDORF TROJAN TROMBONE TRON TROON TROPHY TROPIC TROPICAL TROY TROYA TRUENORTH TRUFFLE TRUMP TRUMPET TRUST TRW TS TSEBO TT TUANA TUBE TUCSON TULIP TULIPE TUMWATER TUNDA TUNGSTEN TURBO TURF TURFY TURING TURNER TURTLE TUSK TUTORIAL TUXEDO TWENTYTWO TWIN TWINKLE TWIST TWO TYPHOON TYRON TYSON U UBIQUITY UC UDON UEFA UK ULISSE ULTIMO ULYSSES UMBER UMBRELLA UNICORN UNICORS UNICREDIT UNIFY UNION UNIPEG UNIR UNISONO UNITE UNITED UNITY UNIVERSAL UNIVERSE UNIVERSITY UNLIMITED UNO UP UPLOAD UPPERCUT URALES URBAN URCHIN URO USHUAIA USWM UTAH UTES UTEXAM UTIMACO UTOPIA V&R VA VAIL VALAMAR VALANCE VALDEMAR VALE VALEANT VALENCIA VALENTINO VALHALLA VALIANT VALISE VALLELL VALLEY VALOR VALORA VANCOUVER VANDERBILT VANDY VANILLA VANQUISH VARBRA VARIETY VARSITY VASCO VDR VECTOR VEGA VEGETAL VELASQUEZ VELAZQUEZ VELÁZQUEZ VELBERT VELETA VELLA VELO VELOCIRAPTOR VELOCITY VELVET VENDOME VENDÔME VENEZIA VENICE VENTA VENTI VENTO VENTURA VENTUS VENUS VERDE VERDI VERIFY VERITAS VERONA VERSEAU VERTEBRAE VERTEX VESPA VESPER VESTA VET VEYRON VF VIADUCT VICARAGE VICE VICKERS VICTOR VICTORIA VICTORY VIDA VIDSYS VIENNA VIETNAM VIKING VILA VILLAGE VINCENT VINCI VINE VINEYARD VINTAGE VINTEC VIOLET VIOLIN VIP VIPER VIRGILIO VIRGIN VIRGINIA VIRGO VIRIDIS VIRTUS VISION VISOL VISTA VISUALIZE VISUS VITAE VITAL VITALITY VITALITYWITH VITALS VITAMIN VITESSE VITO VITRO VIVACITY VIVALDI VIVARA VIZALYTICS VLAD VMG VMS VOCAL VOCEM VOLAR VOLGA VOLNAY VOLT VOLTA VOLTAGE VOLUNTEER VORTEX VOTORANTIM VOYAGE VOYAGER VPI VPP VS VUELO VULCAIN VULCAN VULCANO VULCON VULPECULA W WABASH WACKER WAGON WAHOO WAIMEA WALDHAUS WALLABY WALLACE WALLEYE WALMART WALNUT WALRUS WALSER WALTER WANDA WANDERLUST WAR WARHOL WARRIOR WARRIORS WASHINGTON WAT WATCH WATER WATERFALL WATERKANT WATT WAVE WAYNE WBG WC WCET WEAVER WEBB WEBSTER WEL WELARA WELCOME WELLES WELLINGTON WENZEL WEREWOLF WEST WESTCHESTER WESTERN WESTMINSTER WHA WHALE WHALER WHARF WHEEL WHETSTONE WHISKEY WHISKY WHISPER WHISTLER WHITE WHITECOAT WHITEHAWK WHITEHEAD WHITESIDE WHITETAIL WHITEWATER WHITEWAVE WHITLEY WHITNEY WHIZ WICKMAN WILD WILDCAT WILDFLOWER WILL WILLIAM WILLIAMS WILLOW WIMBLEDON WINCH WIND WINDKEEPER WINDMILL WINDOWS WINDSOR WING WINGS WINNEBAGO WINNER WINNING WINOA WINSTON WINTER WINTERFELL WINTERGREEN WINTI WIRE WIS WISDOM WISE WL WLEC WOLF WOLFFISH WOLFIE WOLFPACK WOLFVERCORS WOLUWE WOLVERINE WOOD WOODLAND WOODMARSH WOODS WORK WORKSHOP WORLDCUP WOW WP WRANGLER WRAPPER WRIGHT WRIGLEY WYATT WYLESS X XANADU XANDER XANTHOS XENIA XENON XONE XTRACT Y YACHT YAESU YAMATO YANKEE YANKEES YARE YARRA YARRAWIN YAYO YEASUKAI2 YEE YELLOW YELLOWFIN YELLOWHAMMER YELLOWSTONE YEONG YETI YKW YM YODA YOGA YORK YORKTOWN YOSAKU YOSEMITE YOUNG YT YUCCA YUKON YUMMY YUPPTV YVES Z Z100A ZAFIRO ZAL ZAMBONI ZANDER ZAPPA ZEAL ZELDA ZEN ZENIT ZENITH ZEPHYR ZERMATT ZERMATT: ZERO ZEST ZETA ZEUS ZIFTEN ZIMMERMANN ZINC ZIPPER ZNA ZODIAC ZOE ZOOM ZR ZRMK ZUES ZULU ZUMA ZUMBROTA ZURICH